{
 "Files" : [
  {
   "Path" : "C:/Users/zyq/Desktop/FPGA_com/FM_test/FM_test/src/FM_mod.v",
   "Type" : "verilog"
  },
  {
   "Path" : "C:/Users/zyq/Desktop/FPGA_com/FM_test/FM_test/src/gowin_prom/Gowin_pROM.v",
   "Type" : "verilog"
  },
  {
   "Path" : "C:/Users/zyq/Desktop/FPGA_com/FM_test/FM_test/src/gowin_rpll/gowin_rpll.v",
   "Type" : "verilog"
  }
 ],
 "IncludePath" : [

 ],
 "LoopLimit" : 2000,
 "ResultFile" : "C:/Users/zyq/Desktop/FPGA_com/FM_test/FM_test/impl/temp/rtl_parser.result",
 "Top" : "",
 "VerilogStd" : "verilog_2001",
 "VhdlStd" : "vhdl_93"
}